{"cameraMode":{"drawMode":0,"name":"Shaded","section":"Shading Mode"},"sceneLighting":true,"audioPlay":false,"sceneViewState":{"showFog":true,"showMaterialUpdate":false,"showSkybox":true,"showFlares":true,"showImageEffects":true,"showParticleSystems":true},"in2DMode":false,"pivot":{"x":-0.3207458555698395,"y":0.10534858703613281,"z":5.632998466491699},"rotation":{"x":0.24718771874904633,"y":0.2939659655094147,"z":-0.07898867875337601,"w":0.9199351668357849},"size":16.363258361816408,"orthographic":false}